<?xml version='1.0' encoding='utf-8'?>
<!DOCTYPE hibernate-configuration PUBLIC
        "-//Hibernate/Hibernate Configuration DTD 3.0//EN"
        "http://www.hibernate.org/dtd/hibernate-configuration-3.0.dtd">
<hibernate-configuration>
    <session-factory>
        <property name="connection.url">jdbc:mysql://localhost:3306/HBM?useSSL=false&amp;useJDBCCompliantTimezoneShift=true&amp;useLegacyDatetimeCode=false&amp;serverTimezone=UTC&amp;createDatabaseIfNotExist=true</property>
        <property name="connection.username">root</property>
        <property name="connection.password">Matias01</property>
        <property name="connection.pool_size">5</property>
        <property name="dialect">org.hibernate.dialect.MySQL8Dialect</property>
        <property name="cache.provider_class">org.hibernate.cache.internal.NoCacheProvider</property>
        <property name="show_sql">true</property>
        <property name="hbm2ddl.auto">validate</property>
        <property name="hibernate.format_sql">true</property>

<!--        <mapping resource="Person.hbm.xml" />-->
        <mapping class = "pl.sda.domain.Person"/>
    </session-factory>
</hibernate-configuration>